﻿<?xml version="1.0" encoding="utf-8" ?>
<TrustFrameworkPolicy 
  xmlns:xsi="http://www.w3.org/2001/XMLSchema-instance" 
  xmlns:xsd="http://www.w3.org/2001/XMLSchema" 
  xmlns="http://schemas.microsoft.com/online/cpim/schemas/2013/06" 
  PolicySchemaVersion="0.3.0.0" 
  TenantId="yourtenant.onmicrosoft.com" 
  PolicyId="B2C_1A_TrustFrameworkLocalization" 
  PublicPolicyUri="http://yourtenant.onmicrosoft.com/B2C_1A_TrustFrameworkLocalization">

  <BasePolicy>
    <TenantId>yourtenant.onmicrosoft.com</TenantId>
    <PolicyId>B2C_1A_TrustFrameworkBase</PolicyId>
  </BasePolicy>

  <BuildingBlocks>

    <ContentDefinitions>
      <ContentDefinition Id="api.signuporsignin">
        <LocalizedResourcesReferences MergeBehavior="Prepend">
          <LocalizedResourcesReference Language="en" LocalizedResourcesReferenceId="api.signuporsignin.en" />
          <!-- Add more languages here -->
        </LocalizedResourcesReferences>
      </ContentDefinition>

      <ContentDefinition Id="api.localaccountsignup">
        <LocalizedResourcesReferences MergeBehavior="Prepend">
          <LocalizedResourcesReference Language="en" LocalizedResourcesReferenceId="api.localaccountsignup.en" />
          <!-- Add more languages here -->
        </LocalizedResourcesReferences>
      </ContentDefinition>

      <ContentDefinition Id="api.socialccountsignup">
        <LocalizedResourcesReferences MergeBehavior="Prepend">
          <LocalizedResourcesReference Language="en" LocalizedResourcesReferenceId="api.socialccountsignup.en" />
          <!-- Add more languages here -->
        </LocalizedResourcesReferences>
      </ContentDefinition>

      <ContentDefinition Id="api.localaccountpasswordreset">
        <LocalizedResourcesReferences MergeBehavior="Prepend">
          <LocalizedResourcesReference Language="en" LocalizedResourcesReferenceId="api.localaccountpasswordreset.en" />
          <!-- Add more languages here -->
        </LocalizedResourcesReferences>
      </ContentDefinition>

      <ContentDefinition Id="api.idpselections">
        <LocalizedResourcesReferences MergeBehavior="Prepend">
          <LocalizedResourcesReference Language="en" LocalizedResourcesReferenceId="api.idpselections.en" />
          <!-- Add more languages here -->
        </LocalizedResourcesReferences>
      </ContentDefinition>

      <ContentDefinition Id="api.localaccountsignin">
        <LocalizedResourcesReferences MergeBehavior="Prepend">
          <LocalizedResourcesReference Language="en" LocalizedResourcesReferenceId="api.localaccountsignin.en" />
          <!-- Add more languages here -->
        </LocalizedResourcesReferences>
      </ContentDefinition>

      <ContentDefinition Id="api.selfasserted.profileupdate">
        <LocalizedResourcesReferences MergeBehavior="Prepend">
          <LocalizedResourcesReference Language="en" LocalizedResourcesReferenceId="api.selfasserted.profileupdate.en" />
          <!-- Add more languages here -->
        </LocalizedResourcesReferences>
      </ContentDefinition>

      <ContentDefinition Id="api.phonefactor">
        <LocalizedResourcesReferences MergeBehavior="Prepend">
          <LocalizedResourcesReference Language="en" LocalizedResourcesReferenceId="api.phonefactor.en" />
          <!-- Add more languages here -->
        </LocalizedResourcesReferences>
      </ContentDefinition>
    </ContentDefinitions>

    <Localization Enabled="true">
      <SupportedLanguages DefaultLanguage="en" MergeBehavior="Append">
        <SupportedLanguage>en</SupportedLanguage>
      </SupportedLanguages>

      <LocalizedResources Id="api.signuporsignin.en">
        <LocalizedStrings>
          <LocalizedString ElementType="ClaimType" ElementId="signInName" StringId="DisplayName">Email Address</LocalizedString>
          <LocalizedString ElementType="UxElement" StringId="heading">Sign in</LocalizedString>
          <LocalizedString ElementType="UxElement" StringId="social_intro">Sign in with your social account</LocalizedString>
          <LocalizedString ElementType="UxElement" StringId="local_intro_generic">Sign in with your {0}</LocalizedString>
          <LocalizedString ElementType="ClaimType" ElementId="password" StringId="DisplayName">Password</LocalizedString>
          <LocalizedString ElementType="UxElement" StringId="requiredField_password">Please enter your password</LocalizedString>
          <LocalizedString ElementType="UxElement" StringId="requiredField_generic">Please enter your {0}</LocalizedString>
          <LocalizedString ElementType="UxElement" StringId="invalid_generic">Please enter a valid {0}</LocalizedString>
          <LocalizedString ElementType="UxElement" StringId="createaccount_one_link">Sign up now</LocalizedString>
          <LocalizedString ElementType="UxElement" StringId="createaccount_two_links">Sign up with {0} or {1}</LocalizedString>
          <LocalizedString ElementType="UxElement" StringId="createaccount_three_links">Sign up with {0}, {1}, or {2}</LocalizedString>
          <LocalizedString ElementType="UxElement" StringId="forgotpassword_link">Forgot your password?</LocalizedString>
          <LocalizedString ElementType="UxElement" StringId="button_signin">Sign in</LocalizedString>
          <LocalizedString ElementType="UxElement" StringId="divider_title">OR</LocalizedString>
          <LocalizedString ElementType="UxElement" StringId="createaccount_intro">Don't have an account?</LocalizedString>
          <LocalizedString ElementType="UxElement" StringId="unknown_error">We are having trouble signing you in. Please try again later.</LocalizedString>
          <!-- Uncomment the remember_me only if the keep me signed in is activated. 
          <LocalizedString ElementType="UxElement" StringId="remember_me">Keep me signed in</LocalizedString> -->
          <LocalizedString ElementType="ClaimsProvider" StringId="FacebookExchange">Facebook</LocalizedString>
          <LocalizedString ElementType="ErrorMessage" StringId="ResourceOwnerFlowInvalidCredentials">Your password is incorrect.</LocalizedString>
          <LocalizedString ElementType="ErrorMessage" StringId="UserMessageIfInvalidPassword">Your password is incorrect.</LocalizedString>
          <LocalizedString ElementType="ErrorMessage" StringId="UserMessageIfPasswordExpired">Your password has expired.</LocalizedString>
          <LocalizedString ElementType="ErrorMessage" StringId="UserMessageIfClaimsPrincipalDoesNotExist">We can't seem to find your account.</LocalizedString>
          <LocalizedString ElementType="ErrorMessage" StringId="UserMessageIfOldPasswordUsed">Looks like you used an old password.</LocalizedString>
          <LocalizedString ElementType="ErrorMessage" StringId="DefaultMessage">Invalid username or password.</LocalizedString>
          <LocalizedString ElementType="ErrorMessage" StringId="UserMessageIfUserAccountDisabled">Your account has been locked. Contact your support person to unlock it, then try again.</LocalizedString>
          <LocalizedString ElementType="ErrorMessage" StringId="UserMessageIfUserAccountLocked">Your account is temporarily locked to prevent unauthorized use. Try again later.</LocalizedString>
          <LocalizedString ElementType="ErrorMessage" StringId="AADRequestsThrottled">There are too many requests at this moment. Please wait for some time and try again.</LocalizedString>
        </LocalizedStrings>
      </LocalizedResources>

      <!--Local account sign-up page English-->
      <LocalizedResources Id="api.localaccountsignup.en">
        <LocalizedStrings>
          <LocalizedString ElementType="ClaimType" ElementId="email" StringId="DisplayName">Email Address</LocalizedString>
          <LocalizedString ElementType="ClaimType" ElementId="email" StringId="UserHelpText">Email address that can be used to contact you.</LocalizedString>
          <LocalizedString ElementType="ClaimType" ElementId="email" StringId="PatternHelpText">Please enter a valid email address.</LocalizedString>
          <LocalizedString ElementType="ClaimType" ElementId="newPassword" StringId="DisplayName">New Password</LocalizedString>
          <LocalizedString ElementType="ClaimType" ElementId="newPassword" StringId="UserHelpText">Enter new password</LocalizedString>
          <LocalizedString ElementType="ClaimType" ElementId="newPassword" StringId="PatternHelpText">8-16 characters, containing 3 out of 4 of the following: Lowercase characters, uppercase characters, digits (0-9), and one or more of the following symbols: @ # $ % ^ &amp; * - _ + = [ ] { } | \ : ' , ? / ` ~ " ( ) ; .</LocalizedString>
          <LocalizedString ElementType="ClaimType" ElementId="reenterPassword" StringId="DisplayName">Confirm New Password</LocalizedString>
          <LocalizedString ElementType="ClaimType" ElementId="reenterPassword" StringId="UserHelpText">Confirm new password</LocalizedString>
          <LocalizedString ElementType="ClaimType" ElementId="reenterPassword" StringId="PatternHelpText">8-16 characters, containing 3 out of 4 of the following: Lowercase characters, uppercase characters, digits (0-9), and one or more of the following symbols: @ # $ % ^ &amp; * - _ + = [ ] { } | \ : ' , ? / ` ~ " ( ) ; .</LocalizedString>
          <LocalizedString ElementType="ClaimType" ElementId="displayName" StringId="DisplayName">Display Name</LocalizedString>
          <LocalizedString ElementType="ClaimType" ElementId="displayName" StringId="UserHelpText">Your display name.</LocalizedString>
          <LocalizedString ElementType="ClaimType" ElementId="surname" StringId="DisplayName">Surname</LocalizedString>
          <LocalizedString ElementType="ClaimType" ElementId="surname" StringId="UserHelpText">Your surname (also known as family name or last name).</LocalizedString>
          <LocalizedString ElementType="ClaimType" ElementId="givenName" StringId="DisplayName">Given Name</LocalizedString>
          <LocalizedString ElementType="ClaimType" ElementId="givenName" StringId="UserHelpText">Your given name (also known as first name).</LocalizedString>
          <LocalizedString ElementType="UxElement" StringId="button_continue">Create</LocalizedString>
          <LocalizedString ElementType="UxElement" StringId="error_fieldIncorrect">One or more fields are filled out incorrectly. Please check your entries and try again.</LocalizedString>
          <LocalizedString ElementType="UxElement" StringId="error_passwordEntryMismatch">The password entry fields do not match. Please enter the same password in both fields and try again.</LocalizedString>
          <LocalizedString ElementType="UxElement" StringId="error_requiredFieldMissing">A required field is missing. Please fill out all required fields and try again.</LocalizedString>
          <LocalizedString ElementType="UxElement" StringId="helplink_text">What is this?</LocalizedString>
          <LocalizedString ElementType="UxElement" StringId="initial_intro">Please provide the following details.</LocalizedString>
          <LocalizedString ElementType="UxElement" StringId="preloader_alt">Please wait</LocalizedString>
          <LocalizedString ElementType="UxElement" StringId="required_field">This information is required.</LocalizedString>
          <LocalizedString ElementType="UxElement" StringId="button_cancel">Cancel</LocalizedString>
          <!-- Display control UI elements-->
          <LocalizedString ElementType="DisplayControl" ElementId="emailControl" StringId="intro_msg">Verification is necessary. Please click Send button.</LocalizedString>
          <LocalizedString ElementType="DisplayControl" ElementId="emailControl" StringId="success_send_code_msg">Verification code has been sent to your inbox. Please copy it to the input box below.</LocalizedString>
          <LocalizedString ElementType="DisplayControl" ElementId="emailControl" StringId="failure_send_code_msg">We are having trouble verifying your email address. Please enter a valid email address and try again.</LocalizedString>
          <LocalizedString ElementType="DisplayControl" ElementId="emailControl" StringId="success_verify_code_msg">E-mail address verified. You can now continue.</LocalizedString>
          <LocalizedString ElementType="DisplayControl" ElementId="emailControl" StringId="failure_verify_code_msg">We are having trouble verifying your email address. Please try again.</LocalizedString>
          <LocalizedString ElementType="DisplayControl" ElementId="emailControl" StringId="but_send_code">Send verification code</LocalizedString>
          <LocalizedString ElementType="DisplayControl" ElementId="emailControl" StringId="but_verify_code">Verify code</LocalizedString>
          <LocalizedString ElementType="DisplayControl" ElementId="emailControl" StringId="but_send_new_code">Send new code</LocalizedString>
          <LocalizedString ElementType="DisplayControl" ElementId="emailControl" StringId="but_change_claims">Change e-mail</LocalizedString>
          <!-- Display control errors -->
          <LocalizedString ElementType="ErrorMessage" StringId="UserMessageIfInternalError">We are having trouble verifying your email address. Please try again later.</LocalizedString>
          <LocalizedString ElementType="ErrorMessage" StringId="UserMessageIfThrottled">There have been too many requests to verify this email address. Please wait a while, then try again.</LocalizedString>
          <LocalizedString ElementType="ErrorMessage" StringId="UserMessageIfChallengeExpired">That code is expired. Please request a new code.</LocalizedString>
          <LocalizedString ElementType="ErrorMessage" StringId="UserMessageIfVerificationFailedNoRetry">You've made too many incorrect attempts. Please try again later.</LocalizedString>
          <LocalizedString ElementType="ErrorMessage" StringId="UserMessageIfVerificationFailedRetryAllowed">That code is incorrect. Please try again.</LocalizedString>
          <!-- Generic errors -->
          <LocalizedString ElementType="ErrorMessage" StringId="ServiceThrottled">There are too many requests at this moment. Please wait for some time and try again.</LocalizedString>
          <LocalizedString ElementType="ErrorMessage" StringId="UserMessageIfClaimNotVerified">Claim not verified: {0}</LocalizedString>
          <LocalizedString ElementType="ErrorMessage" StringId="UserMessageIfClaimsPrincipalAlreadyExists">A user with the specified ID already exists. Please choose a different one.</LocalizedString>
          <LocalizedString ElementType="ErrorMessage" StringId="UserMessageIfIncorrectPattern">Incorrect pattern for: {0}</LocalizedString>
          <LocalizedString ElementType="ErrorMessage" StringId="UserMessageIfInvalidInput">{0} has invalid input.</LocalizedString>
          <LocalizedString ElementType="ErrorMessage" StringId="UserMessageIfMissingRequiredElement">Missing required element: {0}</LocalizedString>
          <LocalizedString ElementType="ErrorMessage" StringId="UserMessageIfValidationError">Error in validation by: {0}</LocalizedString>
        </LocalizedStrings>
      </LocalizedResources>

      <!-- Social account sign-up page English-->
      <LocalizedResources Id="api.socialccountsignup.en">
        <LocalizedStrings>
          <LocalizedString ElementType="ClaimType" ElementId="email" StringId="DisplayName">Email Address</LocalizedString>
          <LocalizedString ElementType="ClaimType" ElementId="email" StringId="UserHelpText">Email address that can be used to contact you.</LocalizedString>
          <LocalizedString ElementType="ClaimType" ElementId="email" StringId="PatternHelpText">Please enter a valid email address.</LocalizedString>
          <LocalizedString ElementType="ClaimType" ElementId="displayName" StringId="DisplayName">Display Name</LocalizedString>
          <LocalizedString ElementType="ClaimType" ElementId="displayName" StringId="UserHelpText">Your display name.</LocalizedString>
          <LocalizedString ElementType="ClaimType" ElementId="surname" StringId="DisplayName">Surname</LocalizedString>
          <LocalizedString ElementType="ClaimType" ElementId="surname" StringId="UserHelpText">Your surname (also known as family name or last name).</LocalizedString>
          <LocalizedString ElementType="ClaimType" ElementId="givenName" StringId="DisplayName">Given Name</LocalizedString>
          <LocalizedString ElementType="ClaimType" ElementId="givenName" StringId="UserHelpText">Your given name (also known as first name).</LocalizedString>
          <LocalizedString ElementType="UxElement" StringId="button_continue">Create</LocalizedString>
          <LocalizedString ElementType="UxElement" StringId="button_cancel">Cancel</LocalizedString>
          <LocalizedString ElementType="ErrorMessage" StringId="UserMessageIfClaimsPrincipalAlreadyExists">You are already registered, please press the back button and sign in instead.</LocalizedString>
        </LocalizedStrings>
      </LocalizedResources>

      <!-- Password reset page English-->
      <LocalizedResources Id="api.localaccountpasswordreset.en">
        <LocalizedStrings>
          <LocalizedString ElementType="ClaimType" ElementId="email" StringId="DisplayName">Email Address</LocalizedString>
          <LocalizedString ElementType="ClaimType" ElementId="email" StringId="UserHelpText">Email address that can be used to contact you.</LocalizedString>
          <LocalizedString ElementType="ClaimType" ElementId="email" StringId="PatternHelpText">Please enter a valid email address.</LocalizedString>
          <LocalizedString ElementType="ClaimType" ElementId="newPassword" StringId="DisplayName">New Password</LocalizedString>
          <LocalizedString ElementType="ClaimType" ElementId="newPassword" StringId="UserHelpText">Enter new password</LocalizedString>
          <LocalizedString ElementType="ClaimType" ElementId="newPassword" StringId="PatternHelpText">8-16 characters, containing 3 out of 4 of the following: Lowercase characters, uppercase characters, digits (0-9), and one or more of the following symbols: @ # $ % ^ &amp; * - _ + = [ ] { } | \ : ' , ? / ` ~ " ( ) ; .</LocalizedString>
          <LocalizedString ElementType="ClaimType" ElementId="reenterPassword" StringId="DisplayName">Confirm New Password</LocalizedString>
          <LocalizedString ElementType="ClaimType" ElementId="reenterPassword" StringId="UserHelpText">Confirm new password</LocalizedString>
          <LocalizedString ElementType="ClaimType" ElementId="reenterPassword" StringId="PatternHelpText">8-16 characters, containing 3 out of 4 of the following: Lowercase characters, uppercase characters, digits (0-9), and one or more of the following symbols: @ # $ % ^ &amp; * - _ + = [ ] { } | \ : ' , ? / ` ~ " ( ) ; .</LocalizedString>
          <LocalizedString ElementType="UxElement" StringId="error_passwordEntryMismatch">The password entry fields do not match. Please enter the same password in both fields and try again.</LocalizedString>
          <LocalizedString ElementType="UxElement" StringId="error_fieldIncorrect">One or more fields are filled out incorrectly. Please check your entries and try again.</LocalizedString>
          <LocalizedString ElementType="UxElement" StringId="button_continue">Continue</LocalizedString>
          <LocalizedString ElementType="UxElement" StringId="button_cancel">Cancel</LocalizedString>
          <LocalizedString ElementType="ErrorMessage" StringId="UserMessageIfClaimsPrincipalDoesNotExist">An account could not be found for the provided user ID.</LocalizedString>
          <LocalizedString ElementType="ErrorMessage" StringId="UserMessageIfClaimsTransformationBooleanValueIsNotEqual">Your account has been locked. Contact your support person to unlock it, then try again.</LocalizedString>
          <LocalizedString ElementType="UxElement" StringId="required_field">This information is required.</LocalizedString>
          <!-- Display control UI elements-->
          <LocalizedString ElementType="DisplayControl" ElementId="emailControl" StringId="intro_msg">Verification is necessary. Please click Send button.</LocalizedString>
          <LocalizedString ElementType="DisplayControl" ElementId="emailControl" StringId="success_send_code_msg">Verification code has been sent to your inbox. Please copy it to the input box below.</LocalizedString>
          <LocalizedString ElementType="DisplayControl" ElementId="emailControl" StringId="failure_send_code_msg">We are having trouble verifying your email address. Please enter a valid email address and try again.</LocalizedString>
          <LocalizedString ElementType="DisplayControl" ElementId="emailControl" StringId="success_verify_code_msg">E-mail address verified. You can now continue.</LocalizedString>
          <LocalizedString ElementType="DisplayControl" ElementId="emailControl" StringId="failure_verify_code_msg">We are having trouble verifying your email address. Please try again.</LocalizedString>
          <LocalizedString ElementType="DisplayControl" ElementId="emailControl" StringId="but_send_code">Send verification code</LocalizedString>
          <LocalizedString ElementType="DisplayControl" ElementId="emailControl" StringId="but_verify_code">Verify code</LocalizedString>
          <LocalizedString ElementType="DisplayControl" ElementId="emailControl" StringId="but_send_new_code">Send new code</LocalizedString>
          <LocalizedString ElementType="DisplayControl" ElementId="emailControl" StringId="but_change_claims">Change e-mail</LocalizedString>
          <!-- Display control errors -->
          <LocalizedString ElementType="ErrorMessage" StringId="UserMessageIfInternalError">We are having trouble verifying your email address. Please try again later.</LocalizedString>
          <LocalizedString ElementType="ErrorMessage" StringId="UserMessageIfThrottled">There have been too many requests to verify this email address. Please wait a while, then try again.</LocalizedString>
          <LocalizedString ElementType="ErrorMessage" StringId="UserMessageIfChallengeExpired">That code is expired. Please request a new code.</LocalizedString>
          <LocalizedString ElementType="ErrorMessage" StringId="UserMessageIfVerificationFailedNoRetry">You've made too many incorrect attempts. Please try again later.</LocalizedString>
          <LocalizedString ElementType="ErrorMessage" StringId="UserMessageIfVerificationFailedRetryAllowed">That code is incorrect. Please try again.</LocalizedString>
          <!-- Generic errors -->
          <LocalizedString ElementType="ErrorMessage" StringId="ServiceThrottled">There are too many requests at this moment. Please wait for some time and try again.</LocalizedString>
          <LocalizedString ElementType="ErrorMessage" StringId="UserMessageIfClaimNotVerified">Claim not verified: {0}</LocalizedString>
          <LocalizedString ElementType="ErrorMessage" StringId="UserMessageIfClaimsPrincipalAlreadyExists">A user with the specified ID already exists. Please choose a different one.</LocalizedString>
          <LocalizedString ElementType="ErrorMessage" StringId="UserMessageIfIncorrectPattern">Incorrect pattern for: {0}</LocalizedString>
          <LocalizedString ElementType="ErrorMessage" StringId="UserMessageIfInvalidInput">{0} has invalid input.</LocalizedString>
          <LocalizedString ElementType="ErrorMessage" StringId="UserMessageIfMissingRequiredElement">Missing required element: {0}</LocalizedString>
          <LocalizedString ElementType="ErrorMessage" StringId="UserMessageIfValidationError">Error in validation by: {0}</LocalizedString>
        </LocalizedStrings>
      </LocalizedResources>

      <!-- Edit profile sign-in page English-->
      <LocalizedResources Id="api.idpselections.en">
        <LocalizedStrings>
          <LocalizedString ElementType="UxElement" StringId="intro">Sign in</LocalizedString>
          <LocalizedString ElementType="ClaimsProvider" StringId="LocalAccountSigninEmailExchange">Local Account Signin</LocalizedString>
          <LocalizedString ElementType="ClaimsProvider" StringId="FacebookExchange">Facebook</LocalizedString>
        </LocalizedStrings>
      </LocalizedResources>

      <!-- Edit profile sign-in with local account English-->
      <LocalizedResources Id="api.localaccountsignin.en">
        <LocalizedStrings>
          <LocalizedString ElementType="ClaimType" ElementId="signInName" StringId="DisplayName">Email Address</LocalizedString>
          <LocalizedString ElementType="ClaimType" ElementId="password" StringId="DisplayName">Password</LocalizedString>
          <LocalizedString ElementType="UxElement" StringId="button_continue">Continue</LocalizedString>
          <LocalizedString ElementType="UxElement" StringId="button_cancel">Cancel</LocalizedString>
          <LocalizedString ElementType="ErrorMessage" StringId="ResourceOwnerFlowInvalidCredentials">Your password is incorrect.</LocalizedString>
          <LocalizedString ElementType="ErrorMessage" StringId="UserMessageIfInvalidPassword">Your password is incorrect.</LocalizedString>
          <LocalizedString ElementType="ErrorMessage" StringId="UserMessageIfPasswordExpired">Your password has expired.</LocalizedString>
          <LocalizedString ElementType="ErrorMessage" StringId="UserMessageIfClaimsPrincipalDoesNotExist">We can't seem to find your account.</LocalizedString>
          <LocalizedString ElementType="ErrorMessage" StringId="UserMessageIfOldPasswordUsed">Looks like you used an old password.</LocalizedString>
          <LocalizedString ElementType="ErrorMessage" StringId="DefaultMessage">Invalid username or password.</LocalizedString>
          <LocalizedString ElementType="ErrorMessage" StringId="UserMessageIfUserAccountDisabled">Your account has been locked. Contact your support person to unlock it, then try again.</LocalizedString>
          <LocalizedString ElementType="ErrorMessage" StringId="UserMessageIfUserAccountLocked">Your account is temporarily locked to prevent unauthorized use. Try again later.</LocalizedString>
          <LocalizedString ElementType="ErrorMessage" StringId="AADRequestsThrottled">There are too many requests at this moment. Please wait for some time and try again.</LocalizedString>
        </LocalizedStrings>
      </LocalizedResources>

      <!-- Edit profile page English-->
      <LocalizedResources Id="api.selfasserted.profileupdate.en">
        <LocalizedStrings>
          <LocalizedString ElementType="ClaimType" ElementId="displayName" StringId="DisplayName">Display Name</LocalizedString>
          <LocalizedString ElementType="ClaimType" ElementId="displayName" StringId="UserHelpText">Your display name.</LocalizedString>
          <LocalizedString ElementType="ClaimType" ElementId="surname" StringId="DisplayName">Surname</LocalizedString>
          <LocalizedString ElementType="ClaimType" ElementId="surname" StringId="UserHelpText">Your surname (also known as family name or last name).</LocalizedString>
          <LocalizedString ElementType="ClaimType" ElementId="givenName" StringId="DisplayName">Given Name</LocalizedString>
          <LocalizedString ElementType="ClaimType" ElementId="givenName" StringId="UserHelpText">Your given name (also known as first name).</LocalizedString>
          <LocalizedString ElementType="UxElement" StringId="button_continue">Continue</LocalizedString>
          <LocalizedString ElementType="UxElement" StringId="button_cancel">Cancel</LocalizedString>
        </LocalizedStrings>
      </LocalizedResources>


      <!-- Phone factor English-->
      <LocalizedResources Id="api.phonefactor.en">
        <LocalizedStrings>
          <LocalizedString ElementType="UxElement" StringId="button_verify">Call Me</LocalizedString>
          <LocalizedString ElementType="UxElement" StringId="country_code_label">Country Code</LocalizedString>
          <LocalizedString ElementType="UxElement" StringId="cancel_message">The user has canceled multi-factor authentication</LocalizedString>
          <LocalizedString ElementType="UxElement" StringId="text_button_send_second_code">Send a new code</LocalizedString>
          <LocalizedString ElementType="UxElement" StringId="code_pattern">\d{6}</LocalizedString>
          <LocalizedString ElementType="UxElement" StringId="intro_mixed">We have the following number on record for you. We can send a code via SMS or phone to authenticate you.</LocalizedString>
          <LocalizedString ElementType="UxElement" StringId="intro_mixed_p">We have the following numbers on record for you. Choose a number that we can phone or send a code via SMS to authenticate you.</LocalizedString>
          <LocalizedString ElementType="UxElement" StringId="button_verify_code">Verify Code</LocalizedString>
          <LocalizedString ElementType="UxElement" StringId="requiredField_code">Please enter the verification code you received</LocalizedString>
          <LocalizedString ElementType="UxElement" StringId="invalid_code">Please enter the 6-digit code you received</LocalizedString>
          <LocalizedString ElementType="UxElement" StringId="button_cancel">Cancel</LocalizedString>
          <LocalizedString ElementType="UxElement" StringId="local_number_input_placeholder_text">Phone number</LocalizedString>
          <LocalizedString ElementType="UxElement" StringId="button_retry">Retry</LocalizedString>
          <LocalizedString ElementType="UxElement" StringId="alternative_text">I don't have my phone</LocalizedString>
          <LocalizedString ElementType="UxElement" StringId="intro_phone_p">We have the following numbers on record for you. Choose a number that we can phone to authenticate you.</LocalizedString>
          <LocalizedString ElementType="UxElement" StringId="intro_phone">We have the following number on record for you. We will phone to authenticate you.</LocalizedString>
          <LocalizedString ElementType="UxElement" StringId="enter_code_text_intro">Enter your verification code below, or</LocalizedString>
          <LocalizedString ElementType="UxElement" StringId="intro_entry_phone">Enter a number below that we can phone to authenticate you.</LocalizedString>
          <LocalizedString ElementType="UxElement" StringId="intro_entry_sms">Enter a number below that we can send a code via SMS to authenticate you.</LocalizedString>
          <LocalizedString ElementType="UxElement" StringId="button_send_code">Send Code</LocalizedString>
          <LocalizedString ElementType="UxElement" StringId="invalid_number">Please enter a valid phone number</LocalizedString>
          <LocalizedString ElementType="UxElement" StringId="intro_sms">We have the following number on record for you. We will send a code via SMS to authenticate you.</LocalizedString>
          <LocalizedString ElementType="UxElement" StringId="intro_entry_mixed">Enter a number below that we can send a code via SMS or phone to authenticate you.</LocalizedString>
          <LocalizedString ElementType="UxElement" StringId="number_pattern">^\+(?:[0-9][\x20-]?){6,14}[0-9]$</LocalizedString>
          <LocalizedString ElementType="UxElement" StringId="intro_sms_p">We have the following numbers on record for you. Choose a number that we can send a code via SMS to authenticate you.</LocalizedString>
          <LocalizedString ElementType="UxElement" StringId="requiredField_countryCode">Please select your country code</LocalizedString>
          <LocalizedString ElementType="UxElement" StringId="requiredField_number">Please enter your phone number</LocalizedString>
          <LocalizedString ElementType="UxElement" StringId="country_code_input_placeholder_text">Country or region</LocalizedString>
          <LocalizedString ElementType="UxElement" StringId="number_label">Phone Number</LocalizedString>
          <LocalizedString ElementType="UxElement" StringId="error_tryagain">The phone number you provided is busy or unavailable. Please check the number and try again.</LocalizedString>
          <LocalizedString ElementType="UxElement" StringId="error_sms_throttled">You hit the limit on the number of text messages. Try again shortly.</LocalizedString>
          <LocalizedString ElementType="UxElement" StringId="error_phone_throttled">You hit the limit on the number of call attempts. Try again shortly.</LocalizedString>
          <LocalizedString ElementType="UxElement" StringId="error_throttled">You hit the limit on the number of verification attempts. Try again shortly.</LocalizedString>
          <LocalizedString ElementType="UxElement" StringId="error_incorrect_code">The verification code you have entered does not match our records. Please try again, or request a new code.</LocalizedString>
          <LocalizedString ElementType="UxElement" StringId="countryList">{"DEFAULT":"Country/Region","AF":"Afghanistan","AX":"Åland Islands","AL":"Albania","DZ":"Algeria","AS":"American Samoa","AD":"Andorra","AO":"Angola","AI":"Anguilla","AQ":"Antarctica","AG":"Antigua and Barbuda","AR":"Argentina","AM":"Armenia","AW":"Aruba","AU":"Australia","AT":"Austria","AZ":"Azerbaijan","BS":"Bahamas","BH":"Bahrain","BD":"Bangladesh","BB":"Barbados","BY":"Belarus","BE":"Belgium","BZ":"Belize","BJ":"Benin","BM":"Bermuda","BT":"Bhutan","BO":"Bolivia","BQ":"Bonaire","BA":"Bosnia and Herzegovina","BW":"Botswana","BV":"Bouvet Island","BR":"Brazil","IO":"British Indian Ocean Territory","VG":"British Virgin Islands","BN":"Brunei","BG":"Bulgaria","BF":"Burkina Faso","BI":"Burundi","CV":"Cabo Verde","KH":"Cambodia","CM":"Cameroon","CA":"Canada","KY":"Cayman Islands","CF":"Central African Republic","TD":"Chad","CL":"Chile","CN":"China","CX":"Christmas Island","CC":"Cocos (Keeling) Islands","CO":"Colombia","KM":"Comoros","CG":"Congo","CD":"Congo (DRC)","CK":"Cook Islands","CR":"Costa Rica","CI":"Côte d'Ivoire","HR":"Croatia","CU":"Cuba","CW":"Curaçao","CY":"Cyprus","CZ":"Czech Republic","DK":"Denmark","DJ":"Djibouti","DM":"Dominica","DO":"Dominican Republic","EC":"Ecuador","EG":"Egypt","SV":"El Salvador","GQ":"Equatorial Guinea","ER":"Eritrea","EE":"Estonia","ET":"Ethiopia","FK":"Falkland Islands","FO":"Faroe Islands","FJ":"Fiji","FI":"Finland","FR":"France","GF":"French Guiana","PF":"French Polynesia","TF":"French Southern Territories","GA":"Gabon","GM":"Gambia","GE":"Georgia","DE":"Germany","GH":"Ghana","GI":"Gibraltar","GR":"Greece","GL":"Greenland","GD":"Grenada","GP":"Guadeloupe","GU":"Guam","GT":"Guatemala","GG":"Guernsey","GN":"Guinea","GW":"Guinea-Bissau","GY":"Guyana","HT":"Haiti","HM":"Heard Island and McDonald Islands","HN":"Honduras","HK":"Hong Kong SAR","HU":"Hungary","IS":"Iceland","IN":"India","ID":"Indonesia","IR":"Iran","IQ":"Iraq","IE":"Ireland","IM":"Isle of Man","IL":"Israel","IT":"Italy","JM":"Jamaica","JP":"Japan","JE":"Jersey","JO":"Jordan","KZ":"Kazakhstan","KE":"Kenya","KI":"Kiribati","KR":"Korea","KW":"Kuwait","KG":"Kyrgyzstan","LA":"Laos","LV":"Latvia","LB":"Lebanon","LS":"Lesotho","LR":"Liberia","LY":"Libya","LI":"Liechtenstein","LT":"Lithuania","LU":"Luxembourg","MO":"Macao SAR","MK":"North Macedonia","MG":"Madagascar","MW":"Malawi","MY":"Malaysia","MV":"Maldives","ML":"Mali","MT":"Malta","MH":"Marshall Islands","MQ":"Martinique","MR":"Mauritania","MU":"Mauritius","YT":"Mayotte","MX":"Mexico","FM":"Micronesia","MD":"Moldova","MC":"Monaco","MN":"Mongolia","ME":"Montenegro","MS":"Montserrat","MA":"Morocco","MZ":"Mozambique","MM":"Myanmar","NA":"Namibia","NR":"Nauru","NP":"Nepal","NL":"Netherlands","NC":"New Caledonia","NZ":"New Zealand","NI":"Nicaragua","NE":"Niger","NG":"Nigeria","NU":"Niue","NF":"Norfolk Island","KP":"North Korea","MP":"Northern Mariana Islands","NO":"Norway","OM":"Oman","PK":"Pakistan","PW":"Palau","PS":"Palestinian Authority","PA":"Panama","PG":"Papua New Guinea","PY":"Paraguay","PE":"Peru","PH":"Philippines","PN":"Pitcairn Islands","PL":"Poland","PT":"Portugal","PR":"Puerto Rico","QA":"Qatar","RE":"Réunion","RO":"Romania","RU":"Russia","RW":"Rwanda","BL":"Saint Barthélemy","KN":"Saint Kitts and Nevis","LC":"Saint Lucia","MF":"Saint Martin","PM":"Saint Pierre and Miquelon","VC":"Saint Vincent and the Grenadines","WS":"Samoa","SM":"San Marino","ST":"São Tomé and Príncipe","SA":"Saudi Arabia","SN":"Senegal","RS":"Serbia","SC":"Seychelles","SL":"Sierra Leone","SG":"Singapore","SX":"Sint Maarten","SK":"Slovakia","SI":"Slovenia","SB":"Solomon Islands","SO":"Somalia","ZA":"South Africa","GS":"South Georgia and South Sandwich Islands","SS":"South Sudan","ES":"Spain","LK":"Sri Lanka","SH":"St Helena, Ascension, Tristan da Cunha","SD":"Sudan","SR":"Suriname","SJ":"Svalbard","SZ":"Swaziland","SE":"Sweden","CH":"Switzerland","SY":"Syria","TW":"Taiwan","TJ":"Tajikistan","TZ":"Tanzania","TH":"Thailand","TL":"Timor-Leste","TG":"Togo","TK":"Tokelau","TO":"Tonga","TT":"Trinidad and Tobago","TN":"Tunisia","TR":"Turkey","TM":"Turkmenistan","TC":"Turks and Caicos Islands","TV":"Tuvalu","UM":"U.S. Outlying Islands","VI":"U.S. Virgin Islands","UG":"Uganda","UA":"Ukraine","AE":"United Arab Emirates","GB":"United Kingdom","US":"United States","UY":"Uruguay","UZ":"Uzbekistan","VU":"Vanuatu","VA":"Vatican City","VE":"Venezuela","VN":"Vietnam","WF":"Wallis and Futuna","YE":"Yemen","ZM":"Zambia","ZW":"Zimbabwe"}</LocalizedString>
          <LocalizedString ElementType="UxElement" StringId="error_448">The phone number you provided is unreachable.</LocalizedString>
          <LocalizedString ElementType="UxElement" StringId="error_449">User has exceeded the number of retry attempts.</LocalizedString>
          <LocalizedString ElementType="UxElement" StringId="verification_code_input_placeholder_text">Verification code</LocalizedString>
          <LocalizedString ElementType="ClaimType" ElementId="strongAuthenticationPhoneNumber" StringId="DisplayName">Phone Number</LocalizedString>
        </LocalizedStrings>
      </LocalizedResources>

      <!-- Add more languages here -->
    </Localization>
  </BuildingBlocks>

</TrustFrameworkPolicy>